pfam_id	pfam38_0_name	pfam38_0_description	pfam38_2_name	pfam38_2_description	agreement_class	evidence_summary	successful_pairs	liberal_pairs	strict_pairs	duf_interacting_pairs	representative_partner_annotations	partner_annotation_sources	representative_partner_architectures
PF01345	DUF11	Domain of unknown function DUF11	CLIPPER	CLIPPER domain	broader process	Type IX secretion and cell-envelope partners are consistent with an envelope-associated context but do not define CLIPPER function.	44	16	7	6	Type IX secretion system membrane protein PorP/SprF | Carbohydrate ABC transporter membrane protein 2, CUT1 family (TC 3.A.1.1.-) | Cell envelope biogenesis protein OmpA | Carbohydrate ABC transporter ATP-binding protein, CUT1 family	UniProt function cache | UniProt protein name	PF11751 | PF00528 | NO_PFAM | PF00691;PF05048;PF17936
PF01732	Mycop_pep_DUF31	Mycoplasma peptidase (DUF31)	Myco_protease	Mycoplasma immunoglobulin protease	specific	Immunoglobulin-binding and immunoglobulin-blocking partners are consistent with a Mycoplasma immunoglobulin protease system.	9	3	3	8	Immunoglobulin-blocking virulence protein | Mycoplasma immunoglobulin binding protein M2 domain-containing protein | PF09610;PF26360;PF26361;PF26364 | Mycoplasma immunoglobulin protease domain-containing protein	UniProt protein name | existing/Pfam fallback | partner Pfam architecture	PF26360;PF26361;PF26364 | PF26364 | PF09610;PF26360;PF26361;PF26364 | PF26360;PF26364
PF02594	DUF167	Uncharacterised ACR, YggU family COG1872	PF1765-like	PF1765 protein family	no clear relationship	The observed partners do not indicate a specific relationship to the PF1765-like family assignment.	10	1	0	2	Homer protein homolog 3 | Peptidyl-prolyl cis-trans isomerase (PPIase) (EC 5.2.1.8) | NO_PFAM | Citrate synthase 3, peroxisomal (EC 2.3.3.16)	UniProt protein name | existing/Pfam fallback | UniProt GO cache	PF00568 | PF00160 | NO_PFAM | PF00160;PF02594;PF25809
PF04685	DUF608	Glycosyl-hydrolase family 116, catalytic region	GH116_catalytic	Glycosyl-hydrolase family 116, catalytic region	specific	Beta-glucosidase and GH116-containing partners are consistent with the GH116 catalytic-region assignment.	10	5	3	3	Putative bile acid beta-glucosidase | Glycosyl-hydrolase family 116 catalytic region domain-containing protein | NO_PFAM	UniProt protein name | partner Pfam architecture	PF12215 | PF04685;PF12215 | PF04685 | PF00069;PF04685;PF12215
PF06075	DUF936	Plant protein of unknown function (DUF936)	CORD_N	CORD, N-terminal domain	no clear relationship	The single partner does not indicate a relationship to the CORD N-terminal assignment.	1	0	0	0			PF01676;PF06415
PF06672	DUF1175	Protein of unknown function (DUF1175)	MagC	MagC peptidoglycan-binding NlpC/P60-like protein	broader process	Alpha-2-macroglobulin and YfaP-associated partners are consistent with a bacterial envelope or protease-defense system but not the specific MagC function.	4	2	1	3	Alpha-2-macroglobulin family protein | DUF2135 domain-containing protein	UniProt protein name | UniProt function cache	PF00207;PF01835;PF07678;PF07703;PF17973 | PF00207;PF01835;PF07703;PF17973 | PF00207;PF01835;PF07703 | PF09906
PF07849	DUF1641	Protein of unknown function (DUF1641)	HMP	Helical membrane plugin	broader process	Formate dehydrogenase and oxidoreductase partners are consistent with a membrane respiratory-complex context without defining the helical membrane plugin role.	11	5	0	1	FAD/NAD(P)-binding domain-containing protein | Formate dehydrogenase catalytic subunit FdhE (EC 1.17.5.-) | Probable oxidoreductase YjgC (EC 1.-.-.-) | Formate dehydrogenase subunit alpha	UniProt function cache | UniProt protein name | existing/Pfam fallback	PF07992 | PF00384;PF01568;PF04879;PF10588;PF12838;PF13510 | PF00037;PF00384;PF01568;PF04879;PF10588 | PF00384;PF01568;PF04879;PF10588;PF13183;PF13510
PF09836	DUF2063	Putative DNA-binding domain	HvfC_N	HvfC C-terminal domain	specific	BufA1- and MNIO-associated partners are consistent with the HvfC/BufC role in bufferin precursor modification.	7	2	1	2	UPF0276 protein SAMN04488103_101698 | EF-hand domain-containing protein | DoxX family protein | DoxX	UniProt function cache | UniProt protein name	PF05114 | PF10048 | PF13202 | PF07681
PF09906	DUF2135	Uncharacterized protein conserved in bacteria (DUF2135)	YfaP_C	YfaP C-terminal domain	broader process	Alpha-2-macroglobulin and MagC partners are consistent with the same bacterial envelope or protease-defense system without defining YfaP function.	6	3	1	2	Vault protein inter-alpha-trypsin domain-containing protein | Alpha-2-macroglobulin homolog | NO_PFAM | DUF1175 domain-containing protein	UniProt protein name | UniProt function cache | existing/Pfam fallback	PF08487 | PF00207;PF01835;PF07703;PF17973 | PF00207;PF01835;PF07703 | NO_PFAM
PF09979	DUF2213	Uncharacterized protein conserved in bacteria (DUF2213)	Pa193_gp24	Pa193 gp24 scaffolding protein	broader process	Phage structural and packaging partners indicate a phage-assembly context but do not specifically identify the gp24 scaffolding function.	12	2	0	8	DUF2184 domain-containing protein | Anti-CBASS protein Acb1 | Cytosolic protein | Bacteriophage TerL protein	UniProt protein name | UniProt function cache | existing/Pfam fallback	PF00293;PF06381 | PF09950 | PF06381;PF23474 | PF06381
PF10022	DUF2264	Uncharacterized protein conserved in bacteria (DUF2264)	BcGHD	Beta-D-glucuronate dehydratase family	no clear relationship	Predominantly self-annotations and ABC-transporter partners do not indicate beta-D-glucuronate dehydratase function.	20	3	2	14	PF10022;PF20938 | DUF2264 domain-containing protein | High-affinity branched-chain amino acid transport ATP-binding protein LivF | Lipopolysaccharide export system ATP-binding protein LptB (EC 3.6.3.-)	existing/Pfam fallback | UniProt protein name | UniProt function cache	PF10022;PF20938 | PF10022 | PF00005 | PF20938
PF10048	DUF2282	Predicted integral membrane protein (DUF2282)	BufA1	BufA1 family periplasmic bufferin-type metallophore	specific	HvfC/BufC-associated partners are consistent with BufA1 as a bufferin metallophore precursor.	4	1	0	3	HvfC N-terminal domain-containing protein | UPF0276 protein BP2925	UniProt protein name | UniProt function cache	PF05114;PF09836 | PF07681 | PF09836 | PF05114
PF10240	DUF2464	Multivesicular body subunit 12	MABP	MABP domain	specific	VPS37B, TSG101 and VPS28 partners place the domain in the ESCRT-I context associated with MABP/MVB12.	7	2	0	6	Vacuolar protein sorting-associated protein 37B (hVps37B) (ESCRT-I complex subunit VPS37B) | Tumor susceptibility gene 101 protein (ESCRT-I complex subunit TSG101) | Signal transducing adapter molecule 1 (STAM-1) | Vacuolar protein sorting-associated protein 28 homolog (H-Vps28) (ESCRT-I complex subunit VPS28)	UniProt protein name	PF07200 | PF05743;PF09454 | PF00464 | PF00018;PF00790;PF02809
PF10709	DUF2511	Protein of unknown function (DUF2511)	YebY	Protein YebY	specific	The YebZ partner places YebY in the named AZY copper-uptake system.	1	0	0	1	Copper transporter YebZ	UniProt function cache	PF05425
PF11175	DUF2961	Protein of unknown function (DUF2961)	GH172_2nd	GH172 second beta-sandwich domain	broader process	Glycosyl hydrolase and carbohydrate-binding partners are consistent with carbohydrate processing without identifying the GH172 domain specifically.	5	0	0	4	Glycosyl-hydrolase family 116 catalytic region domain-containing protein | Right handed beta helix region | Carbohydrate-binding protein | NO_PFAM	UniProt protein name | Pfam/module fallback	PF04685;PF12215 | PF13229;PF13290 | PF13810 | PF00251
PF11816	DUF3337	Domain of unknown function (DUF3337)	Ubl_WDR48-Bun107	WDR48/Bun107, ubiquitin-like domain	specific	USP1 and Fanconi-pathway partners are consistent with the WDR48/Bun107 ubiquitin-associated context.	19	1	0	3	Ubiquitin carboxyl-terminal hydrolase 1 (EC 3.4.19.12) (Deubiquitinating enzyme 1) (hUBP) (Ubiquitin thioesterase 1) (Ubiquitin-specific-processing protease 1) [Cleaved into: Ubiquitin carboxyl-terminal hydrolase 1, N-terminal fragment] | RAD51-associated protein 1 (HsRAD51AP1) (RAD51-interacting protein) | Fanconi anemia group I protein (Protein FACI) | WD40 repeat-like protein	UniProt protein name	PF00481;PF12799;PF13516;PF23010 | PF00443 | PF15696 | PF00169;PF00481;PF13516;PF13855;PF23010
PF11863	DUF3383	Protein of unknown function (DUF3383)	E217_gp31_N	E217 tail sheath protein gp31-like, N-terminal domain	broader process	Dit-like and other phage-tail partners indicate a tail-assembly context but do not specifically identify the gp31 N-terminal region.	15	0	0	10	NO_PFAM | DUF3277 domain-containing protein | Dit-like phage tail protein N-terminal domain-containing protein | DUF2213 domain-containing protein	partner Pfam architecture | UniProt protein name | UniProt function cache | partner Pfam description	NO_PFAM | PF11681 | PF21821 | PF09979
PF11958	DUF3472	Domain of unknown function (DUF3472)	BPSS1860	Surface attachment protein BPSS1860	broader process	An outer-membrane starch-binding partner is consistent with a surface-associated context without identifying BPSS1860 function.	1	0	0	1	Starch-binding associating with outer membrane	UniProt protein name	PF07980;PF14322
PF11984	DUF3485	Protein of unknown function (DUF3485)	EpsI	Methanolan biosynthesis EpsI	specific	Exosortase and TPR-rich partners are consistent with an extracellular-polysaccharide system associated with methanolan biosynthesis EpsI.	54	6	0	46	Exosortase | TPR repeat-containing protein | PF13181;PF13414;PF13432;PF14559 | PF13174;PF13181;PF13432;PF14559	UniProt function cache | UniProt protein name | existing/Pfam fallback | partner Pfam description	PF09721 | PF09976;PF13414;PF13432;PF14559 | PF13181;PF13414;PF13432;PF14559 | PF13174;PF13181;PF13432;PF14559
PF12532	DUF3732	Protein of unknown function (DUF3732)	LmuB_C	LmuB C-terminal	no clear relationship	The diverse ABC and defense-associated partners do not indicate a specific relationship to LmuB.	4	2	1	2	Exonuclease SbcC | PF20131:MC3 - ABC-three component (ABC-3C) system Middle Component 3 | ABC-three component systems C-terminal domain-containing protein | CD-NTase associated protein 4-like DNA endonuclease domain-containing protein	UniProt protein name | partner Pfam description | UniProt function cache	NO_PFAM | PF20131 | PF20283 | PF14130;PF20283
PF12996	DUF3880	DUF based on E. rectale Gene description (DUF3880)	YkvP_N	Spore protein YkvP, N-terminal domain	broader process	Cell-wall glycosyltransferase partners are consistent with an envelope-associated process without specifically identifying the spore protein YkvP.	5	0	0	4	NO_PFAM | Glycosyltransferase involved in cell wall bisynthesis | Glycosyl transferase family 9 | D-alanine--D-alanine ligase (EC 6.3.2.4)	existing/Pfam fallback | UniProt protein name	NO_PFAM | PF13524 | PF01075 | PF15632;PF21360
PF13835	DUF4194	Domain of unknown function (DUF4194)	JetB	Wadjet protein JetB	broader process	DNA-repair and defense-associated partners indicate an antiphage-defense context but do not specifically identify JetB.	10	2	0	9	TIGR02677 family protein | DUF3375 domain-containing protein | DNA synthesis involved in DNA repair [GO:0000731]; double-strand break repair [GO:0006302]; SOS response [GO:0009432] | NO_PFAM	UniProt function cache | UniProt GO cache | partner Pfam architecture | existing/Pfam fallback	PF18982 | PF11855 | PF13555;PF13558 | NO_PFAM
PF14092	DUF4270	Domain of unknown function (DUF4270)	BamH	BamH	no clear relationship	Galactose-oxidase and Kelch-repeat partners suggest a beta-propeller context, but no clear relationship to BamH was identified.	8	1	0	8	Galactose oxidase | Galactose oxidase, central domain | Kelch motif-containing protein | DUF4907 domain-containing protein	UniProt protein name | UniProt function cache	PF24681 | PF24996 | PF01344 | NO_PFAM
PF14298	DUF4374	Domain of unknown function (DUF4374)	XusB	Xenosiderophore-binding lipoprotein XusB	specific	TonB-dependent iron-uptake receptors are consistent with the xenosiderophore-binding XusB assignment.	9	7	7	7	TonB-dependent receptor plug | TonB-linked outer membrane receptor | Outer membrane receptor proteins, mostly Fe transport | Putative iron-regulated membrane protein	UniProt protein name | UniProt function cache	PF07715 | PF00593;PF07715 | PF07715;PF13620 | PF07715;PF13715
PF14332	DUF4388	Domain of unknown function (DUF4388)	PatA_N	Protein PatA, N-terminal domain	broader process	GGDEF and response-regulator partners are consistent with a bacterial signaling context but do not specifically identify the PatA N-terminal domain.	161	12	4	45	GGDEF domain-containing protein | PF13432 | PF14559 | Response regulatory domain-containing protein	UniProt protein name | existing/Pfam fallback | partner Pfam description | UniProt function cache	PF00990 | PF13432 | PF14559 | PF00072;PF00990
PF16090	DUF4819	Domain of unknown function (DUF4819)	Cic	Protein capicua homolog-like domain	specific	The Ataxin-1 partner is consistent with the known protein context of the capicua homolog Cic.	1	0	0	0	Ataxin-1 (Spinocerebellar ataxia type 1 protein)	UniProt protein name	PF08517;PF12547
PF16324	DUF4960	Domain of unknown function (DUF4960)	SGBP_levan-binding	SGBP, levan binding domain	specific	SusC(lev), SusD and beta-fructofuranosidase partners are consistent with a levan-utilization system.	6	1	1	3	TonB-dependent receptor SusC(lev) (Levan-utilization system protein C) | beta-fructofuranosidase (EC 3.2.1.26) | SusD homolog | BT1760-like C-terminal domain-containing protein	UniProt protein name | UniProt function cache	PF00593;PF07715;PF13715 | PF00251;PF16346 | PF07980;PF14322 | PF00251;PF08244;PF13385
PF16332	DUF4962	Domain of unknown function (DUF4962)	DSE-like_N	Dermatan-sulfate epimerase-like, N-terminal	broader process	A heparinase partner is consistent with polysaccharide processing without establishing dermatan-sulfate epimerase activity.	8	1	0	8	Secretion protein | NO_PFAM | Heparinase II/III-like protein | MFS transporter, DHA1 family, multidrug resistance protein	UniProt protein name | existing/Pfam fallback	PF02055;PF02412;PF18962 | NO_PFAM | PF07940 | PF07690
PF16472	DUF5050	Domain of unknown function (DUF5050)	LRP1-like_beta_prop	LRP1, beta-propeller domain	broader process	EGF-like and extracellular partners are consistent with an LRP-like architecture without identifying the beta-propeller's specific function.	13	3	1	11	Peptidoglycan-associated protein | Protein serine/threonine phosphatase | PF00058 | EGF-like domain-containing protein	UniProt protein name | existing/Pfam fallback | partner Pfam architecture	PF00691 | PF13672 | PF00058 | PF00057;PF00058;PF07645;PF12662
PF17270	DUF5336	Family of unknown function (DUF5336)	MAP_0900	34 kDa antigenic protein	no clear relationship	No informative partner annotation was available for comparison with the 34 kDa antigenic-protein assignment.	1	0	0	1		UniProt protein name	NO_PFAM
PF17384	DUF150_C	RimP C-terminal SH3 domain	RimP_C	RimP C-terminal Sm-like domain	specific	Ribosomal-protein partners are consistent with the ribosome-assembly context of RimP.	37	2	0	7	RNA-binding protein YlxRQ, putative | Small ribosomal subunit protein uS12 | 50S ribosomal protein L7ae | Small ribosomal subunit protein uS8	UniProt function cache | UniProt protein name	PF01248;PF04296 | PF00164 | PF01248 | PF00410
PF17825	DUF5587	Family of unknown function (DUF5587)	SHOC1_ATPase	SHOC1 ATPase domain	no clear relationship	The only partner repeats the SHOC1 protein assignment and provides no independent functional context.	1	0	0	1	Shortage in chiasmata 1	UniProt protein name	PF17825
PF19528	DUF6056	Family of unknown function (DUF6056)	GT_STM0557_N	STM0557-like, N-terminal glycosyltransferase domain	specific	A phage glycosyltransferase partner is consistent with the glycosyltransferase-domain assignment.	5	2	1	5	PF19528 | MucBP domain-containing protein | Phage glycosyltransferase	existing/Pfam fallback | UniProt protein name	PF19528 | PF06458 | NO_PFAM | PF00535
PF19557	DUF6079_1st	DUF6079 P-loop domain	BrxC-PglY_N	BrxC/PglY, N-terminal domain	broader process	DNA methylase and ATPase partners indicate a defense-system context but do not distinguish BrxC from PglY.	20	5	0	6	site-specific DNA-methyltransferase (adenine-specific) (EC 2.1.1.72) | Alkaline phosphatase domain-containing protein | DNA methylase | ATPase AAA-type core domain-containing protein	UniProt protein name | UniProt function cache | existing/Pfam fallback	PF07669 | PF08747 | PF13337;PF16565;PF20442 | PF01555
PF24346	DUF7507	Domain of unknown function (DUF7507)	CLIPPER_2	CLIPPER 2 domain	broader process	Type IX secretion and CLIPPER-containing partners indicate the expected cell-surface context but do not specifically establish CLIPPER 2 function.	7	3	2	2	Type IX secretion system membrane protein, PorP/SprF family | Flagellar motor protein MotB | C-terminal domain of CHU protein family protein | Conserved repeat domain-containing protein	UniProt protein name | UniProt function cache	PF11751 | NO_PFAM | PF13585;PF18884 | PF01345;PF21959
PF25372	DUF7885	Leucine Rich Repeat Domain of unknown function (DUF7885)	LRR_FBXL15	F-box/LRR-repeat protein 15, leucine rich repeat domain	specific	SKP1 and cyclin-associated partners are consistent with an F-box/LRR protein context.	31	5	1	9	DUF1501 domain-containing protein | Cyclin-A2 | PF13516 | S-phase kinase-associated protein 1 (Cyclin-A/CDK2-associated protein p19) (p19A) (Organ of Corti protein 2) (OCP-2) (Organ of Corti protein II) (OCP-II) (RNA polymerase II elongation factor-like protein) (SIII) (Transcription elongation factor B polypeptide 1-like) (p19skp1)	UniProt protein name | existing/Pfam fallback	PF07394 | PF00125 | PF01239 | PF00134;PF02984
PF26062	DUF8022	Family of unknown function (DUF8022)	PccX	Propionyl-CoA carboxylase, PccX subunit	specific	A propionyl-CoA carboxylase carboxyltransferase partner is consistent with the PccX assignment.	1	0	0	1	Propionyl-CoA carboxylase carboxyltransferase subunit	UniProt protein name	PF01039
PF26607	DUF8189	Domain of unknown function (DUF8189)	Beta-prop_PLL	PLL-like beta propeller	no clear relationship	The varied phage and defense-associated partners do not establish a relationship to the PLL-like beta-propeller assignment.	10	1	1	2	FHA domain-containing protein | IraD/Gp25-like domain-containing protein | Gp5/Type VI secretion system Vgr protein OB-fold domain-containing protein | Phage protein D	UniProt protein name	PF00498 | PF00227 | PF04965 | PF04717
