priority	partner_function_class	keyword_rule_regex	note
1	translation / RNA	\b(ribosom|translation|trna|rrna|mrna|ribonuclease|rna polymerase|elongation factor|initiation factor|termination factor|dead-box|ribosome-binding)\b	First matching category is assigned.
2	transport / membrane	\b(transporter|transport|permease|abc transporter|abc-type|symporter|antiporter|channel|porin|pump|efflux|membrane|lipoprotein|secretion|export|import|uptake|translocase|periplasm|envelope|outer membrane|inner membrane)\b	First matching category is assigned.
3	cell envelope / division	cell wall|peptidoglycan|murein|lipopolysaccharide|capsule|division|septum|\bfts[a-z]\b|sporulation|spore|flagell|pilus|fimbr|biofilm|lysis|rod shape|\bmreb\b|\brodz\b	First matching category is assigned.
4	DNA / chromosome	dna |dna-|replication|repair|recombination|helicase|topoisomerase|polymerase|nuclease|chromosome|gyrase|mismatch|reca|uvr[a-z]|dna-binding|sos response|primase|plasmid|integrase|transposase	First matching category is assigned.
5	metabolism / enzyme	dehydrogenase|synthetase|synthase|kinase|phosphatase|transferase|hydrolase|oxidase|reductase|isomerase|lyase|ligase|carboxylase|aminotransferase|biosynthesis|catabolic|decarboxylase|mutase|peptidase|aldolase|enzyme|atp binding|racemase|esterase|lipase|deaminase|redox|thioredoxin|flavin|heme	First matching category is assigned.
6	regulation / signaling	regulator|transcriptional|response regulator|sensor|two-component|sigma|anti-sigma|repressor|activator|cyclic|signal|modulates|competence|hth|helix-turn-helix	First matching category is assigned.
7	stress / defense	stress|toxin|antitoxin|resistance|detox|oxidative|heat shock|cold shock|chaperone|protease|restriction|modification|crispr|defense|virulence|antibiotic|phage|prophage|bacteriophage|capsid|terminase|baseplate|tail |tail-|sheath|portal|holin|immunity	First matching category is assigned.
8	unknown-function protein	DUF|unknown|uncharacterized/uncharacterised|hypothetical|putative protein|conserved protein|protein of unknown function	Assigned if no functional category matched but the annotation was uninformative/unknown.
9	other / unclear	no category or unknown-function rule matched	Fallback for annotations that were not classified by the keyword rules.
